"precio","metros2","anyo","banyo","Sp","Sm","calefaccion","cocina","situacion"
1386600,50,2002,0,0,"0","0","0","2"
844000,54,2002,0,0,"0","0","0","2"
1473200,70,2002,0,0,"0","0","0","2"
2590200,55,1923,0,0,"0","0","0","2"
790000,46,1987,0,0,"0","1","0","2"
2571200,94,2002,0,0,"0","0","0","2"
2350800,93,2002,0,0,"0","0","0","2"
1720000,65,1997,0,0,"0","0","0","2"
1419200,36,2002,0,0,"0","0","0","2"
1314800,57,2015,0,0,"0","0","0","2"
2620400,76,2015,0,0,"0","0","0","2"
2475600,75,2015,0,0,"0","0","0","2"
3022400,83,2015,0,0,"0","0","0","2"
1324400,100,1987,0,0,"0","0","0","2"
1055000,50,1987,0,0,"0","0","1","2"
1230200,63,2002,0,0,"0","0","0","2"
1704600,93,2002,0,0,"0","0","1","2"
1596600,83,2002,0,0,"0","0","1","2"
1034400,79,2002,0,0,"0","0","0","2"
1186200,79,2002,0,0,"0","0","0","2"
5739800,90,2015,1,0,"0","0","0","3"
3247200,60,2015,1,0,"0","0","1","3"
1675600,76,1987,0,1,"0","0","1","1"
1500400,75,1987,0,1,"0","0","0","1"
1619400,79,1987,0,1,"0","0","0","1"
1530800,93,2002,0,1,"0","0","1","1"
2331200,90,1991,0,0,"0","0","0","2"
845600,50,1987,0,0,"0","1","0","2"
981400,63,1923,0,0,"0","1","0","2"
1626600,120,1923,0,0,"0","1","0","2"
960600,40,1989,0,0,"0","0","0","2"
2908200,74,1987,0,0,"0","0","0","2"
1074000,76,1987,0,0,"0","0","0","2"
1518400,76,1987,0,0,"0","0","0","2"
1400000,36,1995,0,0,"0","0","0","2"
2255600,62,2002,0,0,"0","0","0","2"
2180800,99,1923,0,0,"0","0","0","2"
1341800,59,1987,0,0,"0","1","0","2"
699800,33,1923,0,0,"1","1","0","2"
2349200,92,1964,0,0,"0","1","0","2"
1347600,69,1964,0,0,"0","1","0","2"
1132800,70,1923,0,0,"0","1","0","2"
535600,51,1987,0,0,"0","1","0","2"
480800,68,1923,0,0,"0","1","0","2"
2060000,56,2002,0,0,"0","0","0","2"
905400,32,2002,0,0,"0","0","0","2"
1800000,55,2002,0,0,"0","0","0","2"
1850800,45,1986,0,0,"0","0","0","2"
1390400,55,2015,0,0,"0","0","0","2"
1857400,54,2011,0,0,"0","0","0","2"
2009000,50,2011,0,0,"0","0","0","2"
2600400,75,1986,0,0,"0","0","0","2"
1570000,68,2002,0,0,"0","0","0","2"
1052800,68,2002,0,0,"0","0","0","2"
1640000,73,1985,0,1,"0","1","0","1"
3379400,60,1994,0,0,"0","1","0","2"
1328200,50,1992,0,0,"0","0","0","2"
1531400,82,1992,0,0,"0","0","0","2"
1472000,62,1987,0,0,"0","0","0","2"
478600,45,1964,0,0,"0","1","0","2"
979400,39,1987,1,0,"0","0","0","3"
843200,40,1987,1,0,"0","0","0","3"
1599200,52,1987,1,0,"0","0","0","3"
1132400,56,1987,1,0,"0","0","0","3"
842600,52,1987,1,0,"0","0","0","3"
2156000,80,2011,0,0,"0","0","0","2"
954600,30,2011,0,0,"0","0","0","2"
899800,35,2011,0,0,"0","0","0","2"
1359000,69,1987,1,0,"0","0","0","3"
1166800,67,2002,1,0,"0","0","0","3"
970200,67,2002,1,0,"0","0","0","3"
2407200,89,1964,1,0,"0","0","0","3"
1440400,95,1964,1,0,"0","0","0","3"
1411600,84,1964,1,0,"0","0","0","3"
1523400,60,1964,1,0,"0","1","0","3"
2060000,60,2018,0,0,"0","0","0","2"
1548000,60,2018,0,0,"0","0","0","2"
1553200,68,2002,1,0,"0","0","0","3"
3441600,100,2002,1,0,"0","0","0","3"
1940000,80,2002,1,0,"0","0","0","3"
1600000,68,2002,1,0,"0","0","0","3"
1316800,55,1969,1,0,"0","1","0","3"
1911600,49,2002,1,0,"0","0","0","3"
2328400,55,2002,1,0,"0","0","0","3"
1530000,62,2002,1,0,"0","0","0","3"
675400,35,1987,1,0,"0","1","0","3"
751400,35,1987,1,0,"0","1","0","3"
695800,45,1987,1,0,"0","1","0","3"
886800,35,1987,1,0,"0","1","0","3"
733000,80,1923,0,0,"0","1","0","2"
2697000,106,1923,0,0,"0","0","0","2"
1705000,112,1923,0,0,"0","1","0","2"
1139000,36,2002,1,0,"0","0","0","3"
1363000,73,2002,1,0,"0","0","0","3"
1333000,30,2002,1,0,"0","0","0","3"
1359600,35,2002,1,0,"0","0","0","3"
1504000,40,2002,1,0,"0","0","0","3"
1599600,64,1987,1,0,"0","0","0","3"
1362600,72,1987,1,0,"0","0","0","3"
1129000,41,1987,1,0,"0","0","0","3"
2029200,71,1987,1,0,"0","0","0","3"
1617600,55,1987,1,0,"0","0","0","3"
1967200,78,2002,0,0,"0","0","0","2"
2817800,74,2002,0,0,"0","0","0","2"
1370800,86,2002,0,0,"0","0","0","2"
2109800,86,1987,0,0,"0","0","0","2"
1322400,55,2011,0,0,"0","0","0","2"
2031200,90,2011,0,0,"0","0","0","2"
1739600,82,2011,0,0,"0","0","0","2"
1168400,44,2002,0,0,"0","0","0","2"
1013200,37,2002,0,0,"0","0","0","2"
895200,77,2000,0,0,"0","0","0","2"
1218600,56,2002,0,0,"0","0","0","2"
771000,77,2000,0,0,"0","0","0","2"
1440000,83,2002,0,0,"0","0","0","2"
2330200,55,2018,0,0,"0","0","0","2"
1107000,71,2018,0,0,"0","0","0","2"
1330200,70,1987,0,0,"0","0","0","2"
1411200,50,1987,0,0,"0","0","0","2"
1951000,60,2002,0,0,"0","0","0","2"
1748000,55,2003,0,0,"0","0","0","2"
2772800,60,2003,0,0,"0","0","0","2"
1407600,34,2002,0,0,"0","0","0","2"
1043800,34,2002,0,0,"0","0","0","2"
1644400,83,2011,0,0,"0","0","0","2"
2123600,77,2011,0,0,"0","0","0","2"
1731000,83,2009,0,0,"0","0","0","2"
1082600,49,2011,0,0,"0","0","0","2"
1488200,84,2002,0,0,"0","0","0","2"
1579400,85,2009,0,0,"0","0","0","2"
1630000,93,1987,0,0,"0","0","0","2"
1142600,61,1987,0,1,"0","0","0","1"
555400,46,1946,0,0,"0","1","0","2"
813200,57,1923,0,0,"1","1","0","2"
680400,68,1923,0,0,"0","1","0","2"
1287800,84,1923,0,0,"0","0","0","2"
1843400,86,1923,0,0,"0","0","0","2"
764000,70,1987,0,0,"0","1","0","2"
2570200,72,2002,0,0,"0","0","0","2"
1406000,55,1987,0,0,"0","0","0","2"
899600,43,1988,0,0,"0","0","0","2"
764000,56,1987,0,0,"0","0","0","2"
1783800,56,2002,0,0,"0","0","0","2"
1510000,64,1987,0,0,"0","1","0","2"
2821400,106,1964,0,0,"0","0","0","2"
457400,37,1987,0,0,"0","1","0","2"
1127000,51,1923,0,0,"0","0","0","2"
2469000,85,1923,0,0,"0","0","1","2"
1271800,65,1964,0,0,"0","1","0","2"
1066200,44,1965,0,0,"0","0","0","2"
1070000,44,1965,0,0,"0","0","0","2"
860000,50,1987,0,1,"0","1","0","1"
873400,60,1987,0,1,"0","1","0","1"
946400,80,1987,0,1,"0","1","0","1"
900800,80,1923,0,1,"1","0","0","1"
2189600,56,1923,0,0,"0","0","0","2"
1399200,80,1964,0,0,"0","0","0","2"
1082400,31,1987,0,0,"0","0","0","2"
1350000,35,2002,0,0,"0","0","0","2"
1424200,80,2002,0,0,"0","0","0","2"
1361800,74,2002,0,0,"0","0","0","2"
1517200,67,1996,0,0,"0","0","0","2"
2078200,61,2018,0,0,"0","0","0","2"
1164000,110,1923,0,0,"0","0","0","2"
1839000,63,1987,1,0,"0","0","0","3"
572000,55,1987,0,0,"0","1","0","2"
1030000,76,1987,0,0,"0","0","0","2"
838000,76,1987,0,0,"0","0","0","2"
1077200,30,1987,1,0,"0","0","0","3"
950600,36,1988,1,0,"0","0","0","3"
1640000,59,1987,0,1,"0","0","0","1"
1593000,42,1923,0,1,"0","1","0","1"
2811200,119,1964,0,0,"0","0","1","2"
1291800,43,1987,0,0,"0","1","0","2"
3253800,66,1987,0,0,"0","0","0","2"
1153200,71,1923,0,1,"0","1","0","1"
707200,48,1964,0,1,"0","0","0","1"
461600,46,1964,0,1,"0","1","0","1"
1814000,80,1987,0,0,"0","0","0","2"
818000,49,1962,0,0,"0","0","0","2"
720000,37,1962,0,0,"0","0","0","2"
1116200,34,2002,0,0,"0","0","0","2"
961400,30,2002,0,0,"0","0","0","2"
1336600,48,2018,0,0,"0","0","0","2"
1951400,61,2018,0,0,"0","0","0","2"
2656200,98,2018,0,0,"0","0","1","2"
2833000,86,2011,0,0,"0","0","0","2"
2482200,87,2011,0,0,"0","0","0","2"
1556600,60,2011,0,0,"0","0","0","2"
478600,40,1987,0,0,"0","0","0","2"
801800,73,1987,0,0,"0","0","0","2"
1322000,72,1949,0,0,"0","1","0","2"
8e+05,40,1964,0,0,"0","1","0","2"
579800,35,1964,0,0,"0","1","0","2"
3818000,104,2011,0,0,"0","0","1","2"
1400000,57,1987,0,0,"0","1","0","2"
1974000,68,1987,1,0,"0","0","0","3"
2434800,62,2002,1,0,"0","0","0","3"
853600,67,2002,1,0,"0","0","0","3"
1060400,40,2002,1,0,"0","0","0","3"
1706000,84,2002,1,0,"0","0","1","3"
1965400,79,1987,1,0,"0","0","1","3"
1258600,62,1987,0,0,"0","0","0","2"
3371000,103,2015,1,0,"0","0","1","3"
3180800,116,1964,0,0,"0","0","0","2"
1e+06,32,2002,1,0,"0","0","0","3"
1020400,34,2002,1,0,"0","0","0","3"
1550400,72,2002,1,0,"0","0","1","3"
753400,38,1987,1,0,"0","0","0","3"
1032600,47,1987,1,0,"0","0","0","3"
2421600,71,2002,1,0,"0","0","0","3"
1118400,78,1987,1,0,"0","0","0","3"
816000,34,1987,1,0,"0","0","1","3"
2694600,48,2015,0,0,"0","0","0","2"
1852600,74,1987,0,0,"0","0","0","2"
2344600,85,2002,0,0,"0","0","0","2"
2515400,85,2002,0,0,"0","0","0","2"
2877000,70,2017,1,0,"0","0","0","3"
1821000,85,1964,0,0,"0","0","0","2"
685600,62,1942,0,0,"0","0","0","2"
909200,62,1964,0,0,"0","0","0","2"
2150600,102,1987,1,0,"0","0","0","3"
2024000,102,1987,1,0,"0","0","0","3"
1390000,63,1983,1,0,"0","0","0","3"
1068400,100,1937,1,0,"0","0","0","3"
1622400,35,1999,1,0,"0","0","0","3"
1646600,43,1999,1,0,"0","0","0","3"
1650600,43,1999,1,0,"0","0","0","3"
1387400,74,1964,0,0,"0","0","0","2"
2605600,82,1964,0,0,"0","0","0","2"
1150400,58,1964,0,0,"0","1","0","2"
2442200,100,1964,0,0,"0","0","0","2"
841200,38,1962,0,0,"0","0","0","2"
1185400,63,2011,0,0,"0","0","0","2"
2796600,100,2002,1,0,"0","0","0","3"
2500000,78,2002,0,0,"0","0","0","2"
1960000,97,1987,0,0,"0","0","0","2"
1916000,97,1987,0,0,"0","0","0","2"
944000,45,1964,0,0,"0","0","0","2"
2413200,75,2002,1,0,"0","0","0","3"
3100000,79,2002,1,0,"0","0","0","3"
466000,45,1987,1,0,"1","0","0","3"
2694000,95,1987,1,0,"0","0","1","3"
2457000,65,2011,1,0,"0","0","1","3"
3506400,83,1987,1,0,"0","0","1","3"
3420000,87,1987,1,0,"0","0","1","3"
2051000,84,1964,1,0,"0","0","1","3"
1900000,62,2002,1,0,"0","0","0","3"
3300000,100,2002,1,0,"0","0","0","3"
3140000,95,2002,1,0,"0","0","0","3"
1042800,40,1987,0,0,"0","0","0","2"
2700000,85,2002,0,0,"0","0","0","2"
1194400,34,1987,0,0,"0","0","0","2"
1160000,72,2002,0,1,"0","0","0","1"
1364200,38,2009,0,1,"0","0","0","1"
1016200,97,1987,0,1,"0","0","0","1"
4e+06,114,2015,1,0,"0","0","0","3"
2208000,57,1964,1,0,"0","0","0","3"
2800000,62,1939,1,0,"0","0","0","3"
2258000,88,1964,1,0,"0","0","1","3"
2378400,50,1964,1,0,"0","0","1","3"
1256000,48,1964,1,0,"0","0","0","3"
1130000,50,1964,0,1,"0","0","0","1"
1382000,62,1964,0,1,"0","0","0","1"
1426000,62,1964,0,1,"0","0","0","1"
1351000,62,2002,1,0,"0","1","0","3"
1302800,62,2002,1,0,"0","1","0","3"
3396400,120,1964,0,0,"0","0","0","2"
3236000,110,1987,0,0,"0","0","0","2"
1187200,64,1964,1,0,"0","0","0","3"
713400,84,1923,1,0,"1","1","0","3"
1812000,41,1958,1,0,"0","0","0","3"
1277200,90,1987,1,0,"0","0","0","3"
1965000,69,2002,0,0,"0","0","0","2"
1368200,42,2002,0,0,"0","0","0","2"
1809400,69,2002,0,0,"0","0","0","2"
2046400,45,1995,0,0,"0","0","0","2"
1091400,70,1987,0,0,"0","0","0","2"
1970800,94,1987,0,0,"0","0","0","2"
2490000,98,2002,0,0,"0","0","0","2"
3132000,79,2002,0,0,"0","0","0","2"
2060000,71,2002,0,0,"0","0","0","2"
1528000,79,2002,0,0,"0","0","0","2"
1099000,53,1964,1,0,"0","0","1","3"
961000,30,1964,1,0,"0","0","0","3"
1306000,69,1987,0,0,"0","0","0","2"
1507200,75,1987,0,0,"0","0","1","2"
1204600,59,1987,0,0,"0","0","0","2"
1016200,40,1987,0,0,"0","0","0","2"
908000,43,1987,0,0,"0","0","0","2"
2527600,72,1987,1,0,"0","0","0","3"
1292000,48,1987,0,0,"0","0","0","2"
1792000,55,1987,0,0,"0","0","0","2"
1489600,58,1987,0,0,"0","0","0","2"
1352600,49,1980,0,0,"0","1","0","2"
2018000,69,2002,1,0,"0","0","0","3"
2707600,70,2015,0,0,"0","0","1","2"
975200,70,1986,0,1,"0","1","0","1"
941000,75,1986,0,1,"0","1","0","1"
2065800,62,2011,0,0,"0","0","0","2"
2296600,65,1996,0,0,"0","0","0","2"
2032800,55,2002,0,0,"0","0","0","2"
1576400,55,2002,0,0,"0","0","0","2"
2464000,67,2018,0,0,"0","0","0","2"
2849800,67,2018,0,0,"0","0","0","2"
2904000,88,2000,0,0,"0","0","0","2"
1196600,37,2000,0,0,"0","0","0","2"
1259400,40,2011,0,1,"0","1","0","1"
1774800,64,2002,0,0,"0","0","0","2"
1053600,60,1987,0,0,"0","1","0","2"
2261600,85,2002,1,0,"0","0","0","3"
2353000,84,2002,1,0,"0","0","0","3"
2258800,70,2002,1,0,"0","0","0","3"
1178800,70,2002,1,0,"0","0","0","3"
1900000,92,2002,1,0,"0","0","0","3"
1873000,91,2002,1,0,"0","0","0","3"
1267200,87,1987,1,0,"0","0","0","3"
1000400,45,1987,1,0,"0","0","0","3"
709000,100,1987,0,0,"0","0","0","2"
493000,71,1987,0,0,"0","0","0","2"
2604000,80,1992,1,0,"0","0","1","3"
1422000,75,1992,1,0,"0","0","1","3"
3147800,79,2010,0,0,"0","0","0","2"
1030400,45,2002,0,0,"0","1","0","2"
1081600,72,2002,0,0,"0","0","0","2"
965800,72,1998,0,0,"0","0","0","2"
764200,64,1987,0,0,"0","1","0","2"
1105200,72,1982,0,0,"0","1","0","2"
2153600,100,2002,0,0,"0","1","0","2"
1270800,40,1987,0,0,"0","0","0","2"
1242800,42,1993,0,0,"0","0","0","2"
1272000,61,1987,0,0,"0","0","0","2"
1272000,61,1987,0,0,"0","0","0","2"
1240800,67,1987,0,0,"0","0","0","2"
1274000,61,1987,0,0,"0","0","0","2"
1073000,84,1940,0,0,"0","1","1","2"
1628200,54,2015,0,0,"0","0","0","2"
434600,32,2002,0,0,"0","0","0","2"
1267800,39,2000,0,0,"0","0","0","2"
989800,80,1964,0,0,"0","1","0","2"
1354000,57,1987,0,0,"0","0","0","2"
2938800,76,1987,1,0,"0","0","0","3"
1883800,80,1994,1,0,"0","0","0","3"
1364000,63,2002,1,0,"0","0","0","3"
1444000,63,2002,1,0,"0","0","0","3"
1702800,49,1995,0,0,"0","0","0","2"
860600,47,1923,0,0,"0","1","0","2"
2129600,60,1923,0,0,"0","0","0","2"
3152000,66,2011,0,0,"0","0","1","2"
2865200,99,1923,0,0,"0","0","0","2"
1633400,64,1923,0,0,"0","1","0","2"
1618200,73,1998,0,0,"0","0","0","2"
1753800,73,1998,0,0,"0","0","0","2"
970600,32,1998,0,0,"0","0","0","2"
1099200,32,1998,0,0,"0","0","0","2"
1880000,73,1998,0,0,"0","0","0","2"
1968400,46,1964,0,0,"0","0","0","2"
2196600,80,2011,0,0,"0","0","0","2"
1850000,69,2011,0,0,"0","0","0","2"
1202600,52,2002,0,0,"0","0","0","2"
1556800,30,2015,0,0,"0","0","0","2"
2575000,74,2010,0,0,"0","0","0","2"
1731800,30,1987,1,0,"0","0","1","3"
1228400,37,2002,1,0,"0","0","0","3"
1209000,35,1987,0,0,"0","0","0","2"
884600,41,1987,0,0,"0","0","0","2"
1590000,39,1987,0,1,"0","0","0","1"
1860000,48,1987,0,1,"0","0","0","1"
2134600,81,1988,1,0,"0","0","0","3"
1792000,109,1923,1,0,"0","0","0","3"
2350000,75,1983,1,0,"0","0","0","3"
1891800,46,1983,1,0,"0","0","0","3"
1108400,72,1987,0,0,"0","0","0","2"
2374200,89,2002,0,0,"0","0","0","2"
2452000,90,1964,0,0,"0","0","0","2"
1206000,35,1964,0,0,"0","0","0","2"
413600,54,1923,0,0,"0","1","0","2"
1178400,48,1964,0,0,"0","1","0","2"
1057000,59,1987,0,0,"0","1","0","2"
2073200,72,2002,0,0,"0","0","0","2"
2096600,68,2002,0,0,"0","0","0","2"
1912400,52,1964,0,0,"0","0","0","2"
502600,57,2002,0,0,"0","0","0","2"
801200,57,2002,0,0,"0","0","0","2"
550400,57,1987,0,0,"0","0","0","2"
1445200,78,1987,0,0,"0","0","0","2"
203400,52,1987,0,0,"0","0","0","2"
517000,87,1987,0,0,"0","0","0","2"
1340400,30,1996,0,0,"0","0","0","2"
2516800,74,2002,1,0,"0","0","1","3"
2873400,92,2002,0,0,"0","0","0","2"
1530600,53,2002,0,0,"0","0","0","2"
750400,50,1987,0,0,"0","0","1","2"
1027600,53,1987,0,0,"0","1","0","2"
1013600,57,1991,0,0,"0","0","0","2"
965000,32,2004,1,0,"0","0","1","3"
1600000,65,2002,1,0,"0","0","0","3"
1525600,56,1964,0,0,"0","0","0","2"
853000,65,1932,0,0,"0","1","0","2"
789800,43,1932,0,0,"0","1","0","2"
1350800,101,1938,0,0,"0","0","0","2"
2184000,80,2009,0,0,"0","0","0","2"
1492600,68,1987,0,0,"0","0","0","2"
1819000,79,1993,0,0,"0","0","0","2"
1878800,78,1987,0,0,"0","0","0","2"
961400,30,2002,1,0,"0","0","0","3"
2302000,88,1929,0,0,"0","1","0","2"
1693200,58,1929,0,0,"0","1","0","2"
1212600,54,1996,0,0,"0","1","0","2"
942200,56,1964,0,0,"0","1","0","2"
765200,47,1991,1,0,"0","0","0","3"
1832600,45,2011,1,0,"0","0","0","3"
662800,45,1964,0,0,"0","0","0","2"
1845200,72,2002,1,0,"0","0","0","3"
1362000,96,1923,0,1,"0","1","0","1"
1216600,110,1923,0,1,"0","1","0","1"
1584000,65,1987,0,0,"0","0","0","2"
1118000,40,1987,0,0,"0","0","0","2"
1400000,60,1987,0,0,"0","0","0","2"
1813200,64,1987,0,0,"0","0","0","2"
798000,46,1987,0,0,"0","1","0","2"
717200,35,1987,0,0,"0","1","0","2"
1807400,48,1987,0,0,"0","0","0","2"
2600000,73,2015,0,0,"0","0","0","2"
2800000,76,2011,0,0,"0","0","0","2"
1857000,57,1964,0,0,"0","0","0","2"
1461800,55,2002,0,1,"0","0","0","1"
1420000,53,2002,0,1,"0","0","0","1"
1467000,39,2002,0,1,"0","0","0","1"
1467800,38,1992,0,0,"0","0","0","2"
1481800,72,2011,0,0,"0","0","0","2"
1478400,65,2015,0,0,"0","0","0","2"
868000,43,1964,0,0,"0","1","0","2"
854600,40,1964,0,0,"0","1","0","2"
749000,56,1964,0,0,"0","0","0","2"
1047000,56,1964,0,0,"0","0","0","2"
763600,56,1987,0,0,"0","0","0","2"
727800,56,1987,0,0,"0","0","0","2"
1651800,48,1987,0,0,"0","0","0","2"
1431800,78,1964,0,0,"0","0","0","2"
2e+06,73,1957,0,0,"0","0","0","2"
1140000,79,1964,0,0,"0","0","0","2"
919200,48,1987,0,0,"0","1","1","2"
1020000,47,1964,0,0,"0","1","0","2"
721200,63,1987,0,0,"0","1","0","2"
1433000,79,1987,0,0,"0","0","0","2"
1735400,97,1987,0,0,"0","0","0","2"
1265800,69,1987,0,0,"0","0","0","2"
886600,54,1923,0,0,"0","1","0","2"
746400,57,1923,0,0,"0","1","0","2"
1519800,105,1923,0,0,"0","1","0","2"
1113400,82,2016,0,0,"0","0","0","2"
735600,90,1923,0,0,"0","1","0","2"
1097800,80,1923,0,0,"0","1","0","2"
1001800,95,1923,0,0,"0","1","0","2"
1880600,85,1964,0,0,"0","0","0","2"
2616600,110,1964,0,0,"0","0","0","2"
682400,85,1923,0,0,"0","0","0","2"
1943400,73,1987,0,0,"0","0","0","2"
1951000,48,1992,0,0,"0","0","0","2"
1435200,51,1964,0,0,"0","0","0","2"
2730000,102,2011,0,0,"0","0","0","2"
2170400,98,2010,0,0,"0","0","0","2"
1096600,92,1964,0,0,"0","0","0","2"
703600,69,1968,0,0,"0","1","0","2"
1142600,68,1964,0,0,"0","0","0","2"
1050000,59,1968,0,0,"0","0","0","2"
705600,69,1964,0,0,"0","1","0","2"
694800,67,1990,0,0,"0","1","0","2"
973800,67,1990,0,0,"0","1","0","2"
264200,84,1923,0,0,"0","1","0","2"
1524600,90,1923,1,0,"0","0","0","3"
2068000,100,1964,1,0,"0","0","0","3"
1351000,100,1923,1,0,"0","0","0","3"
3831400,115,1923,1,0,"0","0","1","3"
1039000,56,1964,1,0,"0","1","0","3"
921000,56,1964,1,0,"0","1","0","3"
750200,37,1987,1,0,"0","0","0","3"
891800,45,1987,1,0,"0","0","0","3"
1040400,54,1987,1,0,"0","0","0","3"
561200,52,1987,1,0,"0","0","0","3"
1702600,84,1987,1,0,"0","0","0","3"
1519600,65,1987,1,0,"0","1","0","3"
913400,78,2002,1,0,"0","1","0","3"
3288400,71,2015,1,0,"0","0","0","3"
484200,76,1923,1,0,"0","0","0","3"
508800,57,1987,1,0,"0","1","0","3"
1559400,74,1964,1,0,"0","0","0","3"
1366800,68,1987,1,0,"0","1","0","3"
1475600,92,1923,1,0,"0","1","0","3"
2376200,60,1964,1,0,"0","1","0","3"
2499000,62,1987,1,0,"0","1","0","3"
1385600,68,1923,1,0,"1","1","0","3"
1353400,48,1923,1,0,"0","1","0","3"
1893600,80,1923,1,0,"0","1","0","3"
2232200,80,1987,1,0,"0","1","0","3"
4541800,80,1923,1,0,"0","0","0","3"
1952800,79,1923,1,0,"0","0","0","3"
2172400,58,1923,1,0,"0","0","1","3"
2509200,72,1923,1,0,"0","0","0","3"
1777400,47,1923,1,0,"0","0","0","3"
1995600,54,1923,1,0,"0","0","0","3"
639600,46,1923,1,0,"0","1","0","3"
699200,30,1923,1,0,"1","1","0","3"
1080000,70,1923,1,0,"0","0","0","3"
2588600,95,1923,1,0,"0","0","0","3"
1217600,58,1987,1,0,"0","0","0","3"
1500000,89,1964,1,0,"0","0","0","3"
1363800,97,1987,1,0,"0","0","0","3"
1645400,59,1964,1,0,"0","0","0","3"
2430200,94,1987,1,0,"0","0","0","3"
2554000,120,1987,1,0,"0","1","0","3"
1238000,89,1964,0,0,"0","0","0","2"
1196000,78,1964,0,0,"0","0","0","2"
2569800,76,1964,0,0,"0","1","0","2"
843000,72,1987,0,0,"0","0","1","2"
1147000,72,1987,0,0,"0","0","1","2"
2015400,70,1987,1,0,"0","0","0","3"
1511200,52,1987,1,0,"0","0","0","3"
2115600,89,2002,0,0,"0","0","1","2"
2205400,55,1987,0,0,"0","0","1","2"
1869200,79,1987,0,0,"0","0","1","2"
3661400,100,2002,0,0,"0","0","1","2"
3007400,85,1987,0,0,"0","0","1","2"
3276800,80,1987,1,0,"0","0","1","3"
1141800,30,2002,0,0,"0","0","0","2"
1438000,32,2002,0,0,"0","0","0","2"
751600,63,1987,0,0,"0","0","1","2"
1690600,64,1964,1,0,"0","0","0","3"
2134800,45,1987,0,0,"0","0","1","2"
1736600,69,1987,0,0,"0","0","1","2"
570200,59,1987,0,0,"0","1","0","2"
1481200,50,1987,0,0,"0","1","0","2"
1400600,51,1987,0,0,"0","1","0","2"
1494600,56,1987,0,0,"0","0","0","2"
1437600,55,1964,0,0,"0","1","0","2"
1087000,37,1964,0,0,"1","1","0","2"
826000,76,1923,0,0,"0","1","0","2"
1627600,50,1923,0,0,"0","0","0","2"
1234200,69,1987,0,0,"0","0","0","2"
2369000,98,1964,0,1,"0","0","0","1"
1533600,55,1987,0,1,"0","1","0","1"
1323600,51,2002,0,0,"0","0","0","2"
1348400,68,2002,0,0,"0","0","0","2"
1189600,63,2002,0,0,"0","0","0","2"
1348800,72,2002,0,0,"0","0","0","2"
2138000,95,1964,1,0,"0","0","0","3"
1133800,94,1964,1,0,"0","0","0","3"
1447000,70,1987,1,0,"0","0","0","3"
1275400,86,1987,1,0,"0","0","0","3"
658600,34,1987,1,0,"0","0","0","3"
1754800,64,2018,1,0,"0","0","0","3"
2480800,64,2018,1,0,"0","0","0","3"
1929200,80,1987,0,1,"0","0","0","1"
1900600,48,1987,0,1,"0","0","0","1"
841000,40,1987,0,1,"0","0","0","1"
776200,78,1923,0,1,"0","1","0","1"
732400,35,1923,0,1,"0","1","0","1"
1772600,75,1923,0,1,"0","0","0","1"
1128200,56,1923,0,1,"0","0","0","1"
1113200,35,1923,0,1,"0","0","0","1"
1110800,40,1989,0,1,"0","0","0","1"
1082200,30,2015,0,1,"0","0","0","1"
1340600,64,1989,0,1,"0","0","0","1"
827800,94,1923,0,1,"0","0","0","1"
1568400,49,2002,0,1,"0","0","0","1"
1086200,56,1923,0,0,"0","1","0","2"
1057400,50,1923,0,0,"0","1","0","2"
1239400,108,1923,0,0,"0","1","0","2"
567600,90,1923,1,0,"0","0","0","3"
2187200,70,1987,0,0,"0","0","0","2"
1360600,67,1987,0,0,"0","0","0","2"
2965400,82,1923,0,0,"0","1","0","2"
572200,57,1923,0,0,"0","1","0","2"
1811600,66,1923,0,0,"0","0","0","2"
2479600,64,1923,0,0,"0","0","0","2"
935200,30,1993,0,1,"0","0","0","1"
1430400,50,1932,0,0,"0","1","0","2"
1397400,45,1932,0,0,"0","1","0","2"
1667400,45,1932,0,0,"0","1","0","2"
3080000,95,2002,0,0,"0","0","1","2"
1824000,117,1964,1,0,"0","0","0","3"
1703800,100,1964,1,0,"0","0","0","3"
1537800,49,1987,0,0,"0","0","0","2"
1107800,88,1987,0,0,"0","0","0","2"
452000,65,1964,0,0,"0","1","0","2"
846400,47,1980,0,0,"0","1","0","2"
2195400,108,1964,1,0,"0","1","0","3"
2314400,95,1971,1,0,"1","0","0","3"
761600,64,1932,1,0,"0","0","0","3"
1800000,110,1957,1,0,"0","1","0","3"
1190200,60,1923,0,0,"0","1","0","2"
1043800,108,1923,0,0,"0","1","0","2"
1075800,65,1923,0,0,"0","1","0","2"
1886800,40,2018,0,0,"0","0","0","2"
2820000,78,2002,0,0,"0","0","1","2"
2988400,79,2002,0,0,"0","0","0","2"
2289800,75,2002,0,0,"0","0","0","2"
3954400,103,1987,0,0,"0","0","0","2"
1352200,63,1964,0,0,"0","0","0","2"
1447800,52,1964,0,0,"0","0","0","2"
1327400,88,1987,0,0,"0","0","0","2"
1475000,40,1987,0,0,"0","1","1","2"
2007600,54,1987,0,0,"0","0","0","2"
2432200,60,1987,0,0,"0","0","0","2"
1385400,66,1987,0,0,"0","0","0","2"
1195000,64,1987,0,0,"0","0","0","2"
1992800,54,1987,0,0,"0","0","0","2"
2466400,114,1964,1,0,"0","0","1","3"
1254000,55,1968,1,0,"0","0","0","3"
960600,37,1968,1,0,"0","0","0","3"
606400,50,1987,1,0,"0","0","0","3"
3467600,90,1923,1,0,"0","0","1","3"
3570200,90,1964,1,0,"0","0","1","3"
1776000,100,1923,1,0,"0","1","0","3"
684200,81,1964,0,0,"0","0","0","2"
1032000,45,1923,0,0,"0","0","0","2"
1172200,75,1987,0,0,"0","1","0","2"
1815400,70,1923,0,0,"0","1","0","2"
1810200,74,1923,0,0,"0","0","0","2"
1726400,110,1964,0,0,"0","1","0","2"
1303400,115,1923,0,0,"0","1","0","2"
1848800,40,1923,0,0,"0","0","0","2"
3016200,86,2011,1,0,"0","0","0","3"
3172800,110,2011,1,0,"0","0","0","3"
2650200,97,2011,1,0,"0","0","0","3"
1771000,72,1964,0,0,"0","0","0","2"
1201800,76,1923,0,0,"0","1","0","2"
2933600,70,1923,0,0,"0","1","0","2"
1886200,80,1964,0,0,"0","0","0","2"
1127600,56,1987,0,0,"0","0","0","2"
756800,48,1923,0,0,"1","1","0","2"
1829000,86,1987,0,0,"0","1","0","2"
1427600,85,1964,0,0,"0","1","0","2"
1236000,85,1964,0,0,"0","1","0","2"
722400,34,1964,0,0,"0","1","0","2"
2201400,62,1987,0,0,"0","0","0","2"
1078800,60,1923,0,0,"0","0","0","2"
532600,73,1923,0,0,"0","0","0","2"
1866200,67,1923,0,0,"0","0","0","2"
1789400,63,1923,0,0,"0","0","0","2"
1031400,62,1923,0,0,"1","1","0","2"
1394000,64,1964,0,0,"0","0","0","2"
1918800,70,1987,0,0,"0","0","0","2"
2263600,60,1964,0,0,"0","1","0","2"
3467400,78,1987,0,0,"0","0","0","2"
3337400,90,1987,0,0,"0","0","0","2"
1515000,33,1987,0,0,"0","0","0","2"
1511800,30,1987,0,0,"0","0","0","2"
369600,44,1923,0,0,"1","1","0","2"
912400,80,1923,0,0,"0","1","1","2"
1526600,85,2015,0,0,"0","0","0","2"
2391800,58,2002,0,0,"0","0","0","2"
1449400,67,2002,0,0,"0","0","0","2"
848000,55,1923,0,0,"0","1","0","2"
1211600,60,1923,0,0,"0","1","0","2"
1588400,71,1964,0,0,"0","0","0","2"
1440400,71,1964,0,0,"0","0","0","2"
2693600,80,1987,1,0,"0","0","0","3"
2858000,90,1987,1,0,"0","0","0","3"
1153000,35,1923,0,0,"1","0","0","2"
1542600,81,1923,0,0,"0","1","1","2"
2073000,100,1923,0,0,"0","0","0","2"
2019600,87,1987,0,0,"0","0","0","2"
1734400,80,1923,0,0,"0","1","0","2"
1127200,110,1923,0,0,"0","1","0","2"
1842600,83,2011,0,0,"0","0","0","2"
800600,95,1964,1,0,"0","1","0","3"
1646400,60,1924,1,0,"0","1","0","3"
1954400,105,1923,1,0,"0","0","0","3"
2100200,70,1923,1,0,"0","1","0","3"
2454400,105,1924,1,0,"0","1","0","3"
1623600,47,1923,1,0,"0","1","0","3"
730200,58,1923,0,0,"0","1","0","2"
1299000,69,1987,1,0,"0","0","1","3"
860000,60,2002,0,0,"0","0","0","2"
1528600,63,1987,1,0,"0","0","1","3"
967200,73,1964,0,0,"0","0","0","2"
476000,44,1983,1,0,"0","1","0","3"
1035800,56,1988,0,0,"0","1","0","2"
1191000,53,1964,0,0,"0","1","0","2"
984200,68,2001,0,0,"0","0","0","2"
1306000,77,2002,0,0,"0","0","0","2"
1216000,67,2002,0,0,"0","0","0","2"
1256000,78,2002,0,0,"0","0","0","2"
962000,58,2002,0,0,"0","0","0","2"
1154000,67,2002,0,0,"0","0","0","2"
1162000,40,2002,0,0,"0","0","0","2"
1456000,78,2002,0,0,"0","0","0","2"
1067000,69,1997,0,0,"0","0","0","2"
925600,56,1999,0,0,"0","0","0","2"
957800,68,1987,0,0,"0","0","0","2"
867600,48,1999,0,0,"0","0","0","2"
1480600,68,1999,0,0,"0","0","0","2"
1113400,36,2002,0,0,"0","0","0","2"
822000,37,2002,0,0,"0","0","0","2"
944000,35,2002,0,0,"0","0","0","2"
826000,37,2002,0,0,"0","0","0","2"
1194800,64,1998,0,0,"0","0","0","2"
1722000,65,2002,0,0,"0","0","0","2"
2179800,92,1998,0,0,"0","0","0","2"
1818400,79,1999,0,0,"0","0","0","2"
1636200,68,1987,0,0,"0","0","0","2"
1416000,66,1987,0,0,"0","0","0","2"
1175800,52,1987,0,0,"0","0","0","2"
1120000,45,1987,0,0,"0","0","0","2"
1393800,77,1964,0,0,"0","0","0","2"
369800,65,1949,0,0,"0","0","0","2"
1394200,46,2000,0,0,"0","0","0","2"
1995400,70,2002,0,0,"0","0","0","2"
880600,35,1999,0,0,"0","0","0","2"
1e+06,32,2002,0,0,"0","0","0","2"
1447000,63,1982,0,0,"0","0","0","2"
766400,66,1987,0,0,"0","0","0","2"
1489400,48,1993,0,0,"0","0","0","2"
462800,60,1987,0,0,"0","0","0","2"
1052600,75,2002,0,0,"0","0","0","2"
2547000,86,2002,0,0,"0","0","1","2"
1804400,89,2002,0,0,"0","0","0","2"
2900000,75,2002,0,0,"0","0","0","2"
1644200,100,2002,0,0,"0","0","1","2"
1021000,42,2011,0,1,"0","0","0","1"
1140600,67,2002,0,0,"0","0","1","2"
1360000,68,2002,0,0,"0","0","0","2"
1710000,68,2002,0,0,"0","0","1","2"
1498400,60,2002,0,0,"0","0","0","2"
4056800,103,2002,0,0,"0","0","0","2"
556200,55,1964,0,0,"0","1","0","2"
603800,81,1964,0,0,"0","0","0","2"
1378600,54,2002,0,0,"0","0","0","2"
2620000,73,2002,0,0,"0","0","0","2"
2656000,87,2011,0,0,"0","0","0","2"
1535800,70,2002,0,0,"0","0","0","2"
1296600,31,2002,0,0,"0","0","0","2"
1043000,33,2002,0,0,"0","0","0","2"
1561800,71,2002,0,0,"0","0","0","2"
1720000,40,2002,0,0,"0","0","0","2"
1867400,35,2002,0,0,"0","0","0","2"
3100000,85,1987,0,0,"0","0","1","2"
1160600,35,1987,0,0,"0","0","1","2"
979400,80,2002,0,0,"0","0","1","2"
1360600,41,1987,0,0,"0","0","0","2"
2700000,63,1987,0,0,"0","0","0","2"
1329200,60,1987,0,0,"0","1","0","2"
726400,64,1987,0,0,"0","0","0","2"
1529400,73,1987,1,0,"0","0","0","3"
1565200,72,1987,1,0,"0","0","0","3"
1422600,73,1987,1,0,"0","0","0","3"
1529400,73,1987,1,0,"0","0","0","3"
1791600,74,1987,1,0,"0","0","0","3"
1662600,65,2002,0,0,"0","0","0","2"
1244000,55,2002,0,0,"0","0","0","2"
1336400,64,2002,0,0,"0","0","0","2"
1470800,58,2002,0,0,"0","0","0","2"
1090600,65,2002,0,0,"0","0","0","2"
3282200,72,2002,1,0,"0","0","0","3"
864600,30,2002,1,0,"0","0","0","3"
1345200,39,2002,1,0,"0","0","0","3"
1532400,40,2002,1,0,"0","0","0","3"
1315400,55,1923,1,0,"0","0","1","3"
1214600,56,1923,1,0,"0","1","0","3"
1516800,40,2002,1,0,"0","0","0","3"
3600000,110,2002,1,0,"0","0","1","3"
2307400,76,1964,1,0,"0","0","1","3"
1562400,70,2002,1,0,"0","0","0","3"
3133000,95,2011,1,0,"0","0","1","3"
3200600,95,2011,1,0,"0","0","1","3"
3668400,98,2011,1,0,"0","0","1","3"
2741800,88,1987,1,0,"0","0","1","3"
1517800,65,2015,0,0,"0","0","0","2"
1548200,110,1964,0,0,"0","0","0","2"
1795600,69,2002,1,0,"0","0","0","3"
1338400,84,2002,1,0,"0","0","0","3"
1329200,69,2002,1,0,"0","0","0","3"
1595000,46,1996,0,0,"0","0","0","2"
1255200,56,1996,0,0,"0","0","0","2"
1260800,30,1987,0,0,"0","0","0","2"
801600,35,2017,0,0,"0","0","0","2"
1329800,68,1987,0,0,"0","0","0","2"
765600,30,1994,0,0,"0","0","0","2"
1208200,67,1987,0,0,"0","0","0","2"
1064600,73,1987,0,0,"0","0","0","2"
2811800,94,1984,0,1,"0","0","0","1"
598400,50,1987,0,1,"0","0","0","1"
818200,61,1948,0,0,"0","1","0","2"
1797000,80,1997,0,0,"0","0","0","2"
1540200,102,2002,0,0,"0","0","0","2"
666600,80,2002,0,0,"0","0","0","2"
1012200,42,2002,0,1,"0","0","0","1"
926200,36,1986,0,0,"0","0","0","2"
1243000,80,1923,0,1,"0","0","0","1"
948600,44,2002,0,0,"0","0","0","2"
1687400,79,2002,0,0,"0","0","0","2"
2285400,87,2002,0,0,"0","0","0","2"
1726200,87,2002,0,0,"0","0","0","2"
1639200,88,2002,0,0,"0","0","0","2"
1117400,60,1987,0,0,"0","0","0","2"
1426400,65,1987,0,0,"0","1","0","2"
1762800,53,1987,0,0,"0","0","0","2"
1102400,110,1923,0,0,"0","0","0","2"
1012600,107,1923,0,0,"0","0","0","2"
864800,36,1987,0,0,"0","0","0","2"
1504400,78,1987,0,0,"0","0","0","2"
891800,52,1987,1,0,"0","0","0","3"
1301200,52,1987,1,0,"0","1","0","3"
1251000,52,1987,1,0,"0","0","0","3"
1711400,43,2002,0,0,"0","0","0","2"
1587400,42,2002,0,0,"0","0","0","2"
1201600,32,2002,0,0,"0","0","0","2"
740200,82,1923,0,0,"0","1","0","2"
566600,60,1923,0,0,"1","1","0","2"
254200,46,1923,0,0,"1","1","0","2"
2379200,83,2002,1,0,"0","0","1","3"
1795000,65,1980,1,0,"0","0","0","3"
2398400,74,2002,1,0,"0","0","0","3"
2143600,120,1923,0,0,"0","0","0","2"
2285800,96,1923,0,0,"0","0","1","2"
1527400,40,2018,0,0,"0","0","0","2"
497800,43,1923,0,0,"1","1","0","2"
1457000,65,1987,1,0,"0","0","0","3"
3640400,92,2002,1,0,"0","0","0","3"
2319400,92,1987,1,0,"0","0","0","3"
3461600,75,1987,1,0,"0","0","0","3"
2142800,60,2002,1,0,"0","0","0","3"
1380800,69,1987,0,0,"0","0","0","2"
1239600,46,1987,0,0,"0","0","0","2"
1162000,48,1987,0,0,"0","0","0","2"
1124400,58,1928,0,0,"0","0","0","2"
958000,35,1928,0,0,"0","0","0","2"
646000,113,2000,0,0,"0","0","0","2"
1497600,45,2000,0,0,"0","0","0","2"
755800,56,1981,0,0,"0","0","0","2"
2018400,55,2011,0,0,"0","0","0","2"
2260000,55,2011,0,0,"0","0","0","2"
1974000,54,2011,0,0,"0","0","0","2"
1850200,55,2011,0,0,"0","0","0","2"
1978800,55,2011,0,0,"0","0","0","2"
2338200,75,1986,0,0,"0","0","0","2"
1071600,110,1987,0,0,"0","0","0","2"
2304200,50,1987,0,0,"0","0","0","2"
1567200,58,2015,0,0,"0","0","0","2"
1730000,57,2018,0,0,"0","0","0","2"
671200,39,1987,0,0,"0","0","0","2"
2483400,65,1989,0,0,"0","0","0","2"
1386600,94,2002,0,0,"0","0","1","2"
2099400,96,2002,0,0,"0","0","1","2"
1784000,56,2002,0,0,"0","0","0","2"
1879800,63,2002,0,0,"0","0","0","2"
2360000,82,2011,0,0,"0","0","0","2"
766000,39,1964,0,0,"0","1","0","2"
1510000,66,1987,0,0,"0","0","0","2"
1078600,38,1987,0,0,"0","1","0","2"
2960000,114,2015,0,0,"0","0","0","2"
1426400,90,1987,0,0,"0","0","0","2"
3056000,103,1987,0,0,"0","0","0","2"
1162600,50,2002,0,0,"0","0","0","2"
2780800,100,1987,0,0,"0","0","0","2"
2574200,110,2002,0,0,"0","0","0","2"
2734800,79,2002,0,0,"0","0","1","2"
2691800,120,2011,0,0,"0","0","1","2"
615000,55,1987,0,0,"0","1","0","2"
1195000,65,1987,0,0,"0","0","0","2"
1940000,61,1987,0,0,"0","0","0","2"
2640000,64,2015,0,0,"0","0","0","2"
1485400,30,2001,1,0,"0","0","0","3"
2240200,95,2002,1,0,"0","0","1","3"
3402600,85,2011,1,0,"0","0","1","3"
2000800,41,2002,1,0,"0","0","0","3"
3430800,114,2011,0,0,"0","0","0","2"
3199200,106,2011,0,0,"0","0","0","2"
2842400,95,1987,1,0,"0","0","0","3"
1329600,75,1987,1,0,"0","0","0","3"
1203600,72,1987,1,0,"0","0","0","3"
731600,87,1987,1,0,"0","0","0","3"
1200000,87,1987,1,0,"0","0","0","3"
1124000,46,2011,1,0,"0","0","0","3"
1306600,54,2011,1,0,"0","0","0","3"
1074400,60,2009,1,0,"0","0","0","3"
1166000,46,2011,1,0,"0","0","0","3"
1807200,70,2011,1,0,"0","0","0","3"
1265600,52,1987,0,0,"0","1","0","2"
1017200,30,1987,1,0,"0","0","0","3"
817200,30,1987,1,0,"0","0","0","3"
1179800,39,2014,1,0,"0","0","0","3"
1718000,35,2002,1,0,"0","0","0","3"
2970000,74,2000,1,0,"0","0","0","3"
2703800,104,2000,1,0,"0","0","0","3"
2406000,84,2000,1,0,"0","0","0","3"
1849800,78,2002,1,0,"0","0","0","3"
1874000,78,2002,1,0,"0","0","0","3"
2307600,76,1994,1,0,"0","0","0","3"
1140000,70,1987,1,0,"0","0","0","3"
966400,52,1995,1,0,"0","0","0","3"
798000,53,2002,1,0,"0","0","0","3"
925800,52,1987,1,0,"0","0","0","3"
1162600,70,1987,1,0,"0","0","0","3"
2669400,85,2010,1,0,"0","0","0","3"
1636200,56,1992,1,0,"0","0","0","3"
899600,42,1987,0,0,"0","0","0","2"
811800,46,1987,0,0,"0","0","0","2"
807400,64,1987,1,0,"0","0","0","3"
962200,65,1987,1,0,"0","0","0","3"
671600,38,1984,0,0,"1","0","0","2"
2480400,90,2011,1,0,"0","0","0","3"
2440000,82,2011,1,0,"0","0","0","3"
1260800,38,1987,0,1,"0","0","0","1"
3513600,110,2013,0,1,"0","0","0","1"
1440000,54,1987,0,1,"0","0","0","1"
511200,72,1923,0,1,"0","1","0","1"
4e+05,50,1999,0,1,"0","0","0","1"
1030200,76,2002,0,1,"0","0","0","1"
1021800,76,2002,0,1,"0","0","0","1"
1037600,76,2002,0,1,"0","0","0","1"
1238000,92,2002,0,1,"0","0","0","1"
1804200,72,1990,0,1,"0","0","0","1"
1522600,72,1987,0,1,"0","0","0","1"
1395200,60,1987,0,1,"0","0","0","1"
1100000,60,1990,0,1,"0","0","0","1"
645600,48,1923,1,0,"0","0","0","3"
1990600,112,1964,1,0,"0","1","0","3"
1542400,54,2002,0,0,"0","0","0","2"
2168200,65,1986,0,0,"0","0","0","2"
4598000,110,1989,0,0,"0","0","1","2"
1642000,80,1987,0,0,"0","1","0","2"
1648600,67,1987,0,0,"0","0","0","2"
1373800,82,1987,0,0,"0","0","0","2"
1631600,77,1958,0,1,"0","0","0","1"
1453400,76,1964,0,1,"0","0","0","1"
1597200,110,1923,0,1,"0","0","0","1"
1155400,56,1964,0,1,"0","1","0","1"
1036600,43,2002,0,0,"0","0","0","2"
1810000,55,2018,0,0,"0","0","0","2"
2240000,51,2015,0,0,"0","0","0","2"
1889000,51,2015,0,0,"0","0","0","2"
2400000,52,2018,0,0,"0","0","0","2"
1959800,60,1987,0,0,"0","0","0","2"
1941400,64,2002,0,0,"0","0","0","2"
2e+06,82,2002,0,0,"0","0","0","2"
4345600,104,1935,0,0,"0","0","1","2"
2745400,85,1987,0,0,"0","0","0","2"
1180000,82,1987,0,0,"0","0","0","2"
1088400,32,1995,0,0,"0","0","0","2"
1088400,32,1987,0,0,"0","0","0","2"
1088400,32,1987,0,0,"0","0","0","2"
2195600,65,2002,0,0,"0","0","0","2"
1047600,56,2002,0,0,"0","0","0","2"
2983000,90,2002,0,0,"0","0","0","2"
681800,62,1923,0,0,"0","0","0","2"
2639400,94,2002,1,0,"0","0","1","3"
1342400,76,2002,1,0,"0","0","0","3"
2277600,72,2002,1,0,"0","0","0","3"
2174200,100,1964,1,0,"0","0","0","3"
1717000,47,2002,0,0,"0","0","0","2"
3250800,95,1982,1,0,"0","0","0","3"
935800,44,1964,1,0,"1","1","0","3"
2261600,55,1997,1,0,"0","0","0","3"
1185800,33,1923,1,0,"0","0","1","3"
1116600,30,1997,1,0,"1","0","0","3"
1134000,75,2005,1,0,"0","0","0","3"
1120200,81,2011,1,0,"0","0","0","3"
1167000,81,2011,1,0,"0","0","0","3"
1429000,56,1970,1,0,"0","0","0","3"
945800,56,1964,1,0,"0","1","0","3"
805800,56,1964,1,0,"0","1","0","3"
1222400,103,2002,0,0,"0","0","0","2"
1120400,108,1998,0,0,"0","0","0","2"
1043000,90,2002,0,0,"0","0","0","2"
1340000,74,2002,0,0,"0","0","0","2"
1337000,60,1987,1,0,"0","0","0","3"
2391000,60,1998,1,0,"0","0","0","3"
943600,34,1987,1,0,"0","0","0","3"
1748400,62,1988,1,0,"0","0","0","3"
1942400,65,1987,1,0,"0","0","0","3"
1060200,40,1988,1,0,"0","0","0","3"
2495800,78,1967,1,0,"0","0","0","3"
1793000,76,1964,1,0,"0","0","0","3"
1171200,55,1964,1,0,"0","0","0","3"
1521200,48,1923,0,0,"0","1","0","2"
963000,31,1994,1,0,"0","0","0","3"
1183200,31,1994,1,0,"0","0","0","3"
1550400,41,1994,1,0,"0","0","0","3"
1721400,54,2011,1,0,"0","0","0","3"
2484600,72,2011,1,0,"0","0","0","3"
2963200,55,2011,1,0,"0","0","0","3"
2524600,72,2011,1,0,"0","0","0","3"
2394800,104,1987,1,0,"0","0","1","3"
3600000,118,1987,1,0,"0","0","0","3"
1929800,57,1993,0,0,"0","0","0","2"
516800,57,1987,0,0,"0","1","0","2"
1955000,58,2011,0,0,"0","1","0","2"
2208400,67,2011,0,0,"0","0","0","2"
506600,38,1923,0,0,"0","0","0","2"
2616600,67,2015,0,0,"0","0","0","2"
1606000,105,1956,0,0,"0","0","1","2"
2160000,118,1964,0,0,"0","0","0","2"
1900000,118,1964,0,0,"0","0","0","2"
1209600,103,1964,0,0,"0","1","0","2"
3140000,98,1923,0,0,"0","1","1","2"
1378200,90,1923,0,0,"0","1","0","2"
1547400,65,1923,0,0,"0","1","0","2"
2800000,50,1923,0,0,"0","0","0","2"
1590600,66,1923,0,0,"0","0","0","2"
1560000,50,1930,0,0,"0","0","0","2"
2645000,91,2011,0,0,"0","0","0","2"
1513800,105,1923,0,0,"0","1","0","2"
2658800,73,1923,0,0,"0","0","1","2"
604000,68,1964,0,0,"0","1","0","2"
2004200,65,1964,0,0,"0","1","0","2"
1852400,93,2002,0,0,"0","0","0","2"
398800,40,1987,0,0,"0","1","0","2"
3300000,70,1979,0,0,"0","0","0","2"
1152400,38,2002,0,0,"0","0","0","2"
2899000,65,1949,0,0,"0","0","0","2"
847400,92,1923,0,0,"0","0","0","2"
835800,78,1923,0,0,"0","0","0","2"
2921400,73,2011,0,0,"0","0","0","2"
2268200,84,1923,0,0,"0","1","0","2"
1215400,53,1987,0,0,"0","0","0","2"
1136400,85,1923,0,0,"1","1","0","2"
2109600,90,1923,0,0,"0","0","0","2"
1817600,107,1964,0,0,"0","0","0","2"
1543400,105,1923,0,0,"0","1","0","2"
2060000,68,1964,0,0,"0","1","0","2"
537000,68,1923,0,0,"1","1","0","2"
1564200,96,1923,0,0,"0","1","0","2"
2367400,48,1923,0,0,"0","0","1","2"
1285400,83,1923,0,0,"0","0","1","2"
1932000,35,2011,1,0,"0","0","0","3"
1412800,76,1987,0,0,"0","0","0","2"
2036600,85,1949,0,0,"0","0","0","2"
443200,65,1964,0,0,"0","1","0","2"
2011000,76,2011,0,0,"0","0","0","2"
453400,48,1923,0,0,"1","1","0","2"
2488000,51,1992,0,0,"0","0","0","2"
1173400,50,1987,0,0,"0","0","0","2"
779200,65,1923,0,0,"1","1","0","2"
4500000,87,1923,0,0,"0","0","0","2"
3461800,79,1928,0,0,"0","0","0","2"
1331600,89,1987,1,0,"0","0","0","3"
2117200,100,2015,0,0,"0","0","0","2"
1639600,77,2002,0,0,"0","0","0","2"
1362800,76,2002,0,0,"0","0","0","2"
1211000,71,2002,0,0,"0","0","0","2"
837000,72,2002,0,0,"0","0","0","2"
3228000,120,2002,0,0,"0","0","1","2"
3510400,75,1923,0,0,"0","0","0","2"
1058400,44,1923,0,0,"0","1","0","2"
850000,58,1923,0,0,"0","1","0","2"
2311000,80,1987,0,0,"0","0","0","2"
1262400,75,1987,0,0,"0","1","0","2"
711400,73,1987,0,0,"0","1","0","2"
1043600,72,1939,0,0,"0","0","0","2"
953800,80,1923,0,0,"0","0","0","2"
704000,83,1923,0,0,"0","0","0","2"
421400,62,1923,0,0,"0","0","0","2"
1503000,57,1923,0,0,"0","1","0","2"
936400,85,1935,0,0,"0","1","0","2"
1642800,55,1923,0,0,"0","1","0","2"
846600,95,1923,0,0,"0","1","0","2"
1514200,54,1923,0,0,"0","0","0","2"
1205000,70,1964,0,0,"0","0","0","2"
1058600,40,1923,0,0,"0","0","0","2"
1276800,40,1923,0,0,"0","0","0","2"
2189800,66,2013,0,0,"0","0","0","2"
2203200,54,2011,0,0,"0","0","0","2"
2388600,77,1987,0,0,"0","0","0","2"
1074600,52,1987,0,0,"0","0","0","2"
1483200,80,1987,0,0,"0","0","0","2"
1461800,82,1987,0,0,"0","0","0","2"
1279800,84,1987,0,0,"0","0","0","2"
1357800,98,1987,0,0,"0","0","0","2"
1541800,98,1923,0,0,"0","1","0","2"
1261200,81,1923,0,0,"0","1","0","2"
1703800,57,1923,0,0,"0","0","0","2"
1400000,68,1923,0,0,"0","1","0","2"
1158600,94,1923,0,0,"0","1","0","2"
1782400,82,1923,0,0,"0","1","0","2"
1509200,98,1923,0,0,"0","1","0","2"
2388400,76,1987,0,0,"0","0","0","2"
2555400,92,1923,0,0,"0","0","0","2"
1429600,38,1923,0,0,"0","1","0","2"
1707600,110,1923,0,0,"0","1","0","2"
1330400,60,1923,0,0,"1","1","0","2"
2140000,93,1923,0,0,"0","0","0","2"
1421200,90,1923,0,0,"0","1","0","2"
709200,84,1987,0,0,"0","0","0","2"
1182600,57,2002,0,0,"0","0","0","2"
3269800,84,1987,0,0,"0","0","0","2"
2872000,87,2011,0,0,"0","0","0","2"
2703800,62,2011,0,0,"0","0","0","2"
1442400,42,2011,0,0,"0","0","0","2"
4154800,110,2011,0,0,"0","0","0","2"
451400,79,1926,0,0,"0","1","0","2"
916200,60,1926,0,0,"0","1","0","2"
1591200,61,1987,0,0,"0","0","0","2"
2412600,60,1987,0,0,"0","0","0","2"
2264800,88,1987,0,0,"0","0","0","2"
2500000,100,1987,0,0,"0","0","0","2"
1300000,44,1987,0,0,"0","0","0","2"
1088600,44,1987,0,0,"0","0","0","2"
2142600,80,1987,0,0,"0","0","0","2"
1859000,75,1964,0,0,"0","0","0","2"
1586800,65,1987,0,0,"0","1","0","2"
1115000,105,1987,0,0,"0","1","0","2"
1266400,103,1987,0,0,"0","1","0","2"
1078200,106,1987,0,0,"0","0","0","2"
888000,98,1923,0,1,"0","1","0","1"
1188600,94,1923,0,1,"0","1","0","1"
947000,109,1923,0,1,"0","1","0","1"
1517400,42,1923,0,1,"0","0","0","1"
935400,110,1923,0,1,"0","1","0","1"
3774000,100,1920,0,1,"0","0","0","1"
1651600,73,1923,0,1,"0","0","1","1"
1974200,58,2011,0,0,"0","0","0","2"
2548200,60,2011,0,0,"0","0","0","2"
2247600,70,1923,0,1,"0","0","1","1"
992200,107,2002,0,1,"0","1","0","1"
1043600,120,1923,0,1,"0","1","0","1"
2213600,83,1964,0,1,"0","0","0","1"
637000,62,1987,0,1,"0","1","0","1"
620600,67,1987,0,1,"0","1","0","1"
1032000,59,1987,0,1,"0","1","0","1"
853800,50,1987,0,1,"0","1","0","1"
1226600,35,1997,0,0,"0","0","0","2"
1022400,43,1997,0,0,"0","0","0","2"
1634400,58,1987,0,1,"0","0","0","1"
1005600,53,1987,1,0,"0","0","0","3"
1999000,75,1987,1,0,"0","0","0","3"
1237200,54,2002,0,0,"0","0","0","2"
2445800,92,1987,0,0,"0","0","0","2"
603200,56,1964,0,1,"0","1","0","1"
648200,58,1964,0,1,"0","1","0","1"
1197400,48,1964,0,1,"0","0","0","1"
1945000,63,1987,0,0,"0","0","0","2"
1494600,72,1923,1,0,"0","0","0","3"
1574600,73,1987,1,0,"0","0","0","3"
3091000,85,1923,1,0,"0","0","0","3"
2459200,92,1923,1,0,"0","0","0","3"
2755800,78,1964,1,0,"0","0","0","3"
2757600,90,1923,1,0,"0","0","0","3"
1173800,30,1987,0,0,"0","0","0","2"
1147000,36,1987,0,0,"0","0","0","2"
1970600,53,1987,0,0,"0","0","0","2"
1471600,98,1987,0,0,"0","0","1","2"
1932400,92,1987,0,0,"0","0","1","2"
3806000,78,1987,0,0,"0","0","1","2"
1168400,45,1987,0,0,"0","0","0","2"
1259400,70,1949,0,0,"0","1","0","2"
2600000,80,1987,1,0,"0","1","1","3"
3122400,80,1987,1,0,"0","0","0","3"
1779200,60,1923,0,0,"0","1","0","2"
1643200,85,1923,0,0,"0","0","0","2"
544400,36,1923,0,0,"0","0","0","2"
1245800,63,1987,0,0,"0","0","0","2"
1707800,94,1987,0,0,"0","0","0","2"
3587400,87,1964,0,0,"0","0","0","2"
829400,60,1987,0,0,"0","0","0","2"
1246000,68,1987,0,0,"0","0","0","2"
392200,60,1987,0,0,"0","0","1","2"
1152200,82,1923,0,0,"0","1","0","2"
1032800,89,1923,0,0,"0","1","0","2"
543800,67,1923,0,1,"0","1","0","1"
2775400,77,1992,1,0,"0","0","0","3"
1389000,75,1987,0,0,"0","0","0","2"
1169400,34,1992,0,0,"0","0","0","2"
2461200,62,1987,1,0,"0","0","0","3"
1800000,74,1987,1,0,"0","0","0","3"
3040000,118,1987,1,0,"0","0","0","3"
2629000,90,1923,1,0,"0","1","0","3"
5529000,120,1964,1,0,"0","0","0","3"
2240400,58,2002,1,0,"0","0","0","3"
1012800,56,1987,1,0,"0","0","0","3"
1214000,54,1987,1,0,"0","0","0","3"
1204400,55,1987,1,0,"0","0","0","3"
712000,33,1987,1,0,"0","0","0","3"
2507800,90,1987,0,0,"0","0","1","2"
1709600,74,1927,0,0,"0","0","0","2"
2350200,84,1987,0,0,"0","0","0","2"
984400,62,1968,1,0,"0","0","0","3"
1670000,70,2002,1,0,"0","0","0","3"
1112400,79,1969,1,0,"0","0","0","3"
1852800,85,1969,1,0,"0","0","0","3"
2231800,60,1964,1,0,"0","0","0","3"
1439800,82,1964,1,0,"0","0","0","3"
3132400,74,1964,1,0,"0","0","0","3"
464000,57,1964,1,0,"0","0","0","3"
447400,42,1987,1,0,"0","0","0","3"
3038000,93,2015,0,1,"0","0","1","1"
2458000,93,2015,0,1,"0","0","0","1"
1192400,48,1964,1,0,"0","0","0","3"
2799200,86,2002,1,0,"0","0","0","3"
4804200,120,1987,1,0,"0","0","1","3"
2900000,95,2002,1,0,"0","0","0","3"
1289800,35,2002,1,0,"0","0","0","3"
1945400,65,1964,1,0,"0","0","0","3"
1080000,79,1987,1,0,"0","0","0","3"
702800,54,2018,1,0,"0","0","0","3"
2685400,90,1987,1,0,"0","0","0","3"
1552000,59,1987,1,0,"0","0","0","3"
1421600,60,1987,1,0,"0","0","0","3"
1442600,80,1923,1,0,"0","0","0","3"
2182400,114,1923,1,0,"0","0","0","3"
2181800,63,1987,1,0,"0","0","0","3"
1202000,53,1987,0,0,"0","0","0","2"
1034400,45,1987,0,0,"0","0","0","2"
1784000,45,2002,0,0,"0","0","0","2"
1800000,33,2015,1,0,"0","0","0","3"
875000,34,1926,0,0,"0","0","0","2"
1492000,75,1959,0,0,"0","0","1","2"
1600000,70,1959,0,0,"0","0","0","2"
1181200,68,1986,1,0,"0","0","0","3"
2490400,87,2010,1,0,"0","0","1","3"
2330400,92,1987,0,0,"0","0","0","2"
1391400,96,1987,0,0,"0","0","0","2"
796000,67,1987,0,0,"0","0","0","2"
728800,67,1987,0,0,"0","0","0","2"
1660000,33,1987,0,0,"0","0","0","2"
927200,38,1987,0,0,"0","0","0","2"
895600,35,1987,0,0,"0","0","0","2"
2068800,78,2002,0,0,"0","1","0","2"
1641200,60,1989,0,0,"0","0","0","2"
1829200,74,1987,0,0,"0","0","0","2"
1375200,74,1964,0,0,"0","0","0","2"
1104400,33,1990,0,0,"0","0","0","2"
1087800,62,1987,0,0,"0","0","0","2"
1970000,60,2003,0,0,"0","0","0","2"
1542200,56,2011,0,0,"0","0","0","2"
1740400,56,2011,0,0,"0","0","0","2"
1920000,58,1987,0,0,"0","0","0","2"
1980000,52,1996,0,0,"0","0","0","2"
831200,45,1987,0,0,"0","0","0","2"
853800,42,1987,0,0,"0","0","0","2"
548600,38,1987,0,0,"0","0","0","2"
2098800,56,2011,1,0,"0","0","0","3"
710000,49,2011,0,1,"0","0","0","1"
1960000,77,2011,0,1,"0","0","0","1"
1146000,67,2011,0,1,"0","0","0","1"
971800,78,2011,0,1,"0","0","0","1"
1010000,65,2011,0,1,"0","0","0","1"
359200,49,1987,0,1,"0","0","0","1"
261400,49,1987,0,1,"0","0","0","1"
533000,48,2002,0,1,"0","0","0","1"
1556000,75,2015,0,1,"0","0","0","1"
1770000,102,1984,0,1,"0","0","1","1"
1726000,89,1984,0,1,"0","0","0","1"
1540000,80,1984,0,1,"0","0","0","1"
2482000,110,2002,0,1,"0","0","0","1"
1920000,79,2002,0,1,"0","0","0","1"
707200,35,2015,0,1,"0","0","0","1"
1576200,76,2011,0,1,"0","0","1","1"
405400,65,1987,0,1,"0","0","0","1"
480000,68,1987,0,1,"0","0","0","1"
530000,65,1987,0,1,"0","0","0","1"
527200,39,1969,0,1,"0","0","0","1"
790000,44,1969,0,1,"0","0","0","1"
1271600,84,2011,0,1,"0","0","0","1"
1284600,83,2011,0,1,"0","0","0","1"
1321200,83,2011,0,1,"0","0","0","1"
2844600,45,2011,0,0,"0","0","0","2"
3148200,98,1964,0,0,"0","0","0","2"
2374400,65,2011,0,0,"0","0","0","2"
892400,68,2002,0,0,"0","0","0","2"
775800,67,2002,0,0,"0","0","0","2"
2251200,83,2002,0,0,"0","0","0","2"
1036800,85,2002,0,0,"0","0","0","2"
794800,81,1923,0,0,"0","0","0","2"
789400,71,1964,0,0,"0","0","0","2"
2228200,61,1987,0,0,"0","0","0","2"
3409600,96,2015,0,0,"0","0","0","2"
2802600,55,2002,0,0,"0","0","0","2"
1902400,110,1923,0,0,"0","0","0","2"
3723000,100,1923,0,0,"0","0","0","2"
2421600,96,1987,0,0,"0","0","0","2"
1219200,81,1987,0,0,"0","1","0","2"
1083400,63,1987,0,0,"0","1","0","2"
744800,59,1987,0,0,"0","1","0","2"
2496200,82,1987,0,0,"0","0","0","2"
1113800,87,1994,0,0,"0","0","0","2"
2437800,86,2002,0,0,"0","0","0","2"
1393000,71,2002,0,0,"0","0","0","2"
948000,73,2002,0,0,"0","0","0","2"
1867200,72,2002,0,0,"0","0","0","2"
617600,57,1987,0,0,"0","1","0","2"
1396000,60,1987,0,0,"0","1","0","2"
756000,59,1987,0,0,"0","1","0","2"
769600,56,1987,0,0,"0","1","0","2"
743000,59,1987,0,0,"0","1","0","2"
2303400,89,1923,0,1,"0","1","0","1"
1437800,64,1923,0,0,"0","0","0","2"
1162800,60,1923,0,0,"0","1","0","2"
665200,34,1923,0,0,"0","1","0","2"
954600,83,1923,0,0,"0","1","0","2"
3254600,101,1923,0,0,"0","0","0","2"
1800000,75,1923,0,0,"0","1","0","2"
1491400,44,1964,1,0,"0","0","0","3"
2578800,68,1923,0,0,"0","0","1","2"
1978400,73,1987,0,0,"0","0","0","2"
1180000,39,1987,0,0,"0","0","0","2"
667200,60,1987,0,0,"0","1","0","2"
575400,40,1987,0,0,"0","1","0","2"
2872000,98,2011,0,0,"0","0","1","2"
1024200,53,1964,0,0,"0","1","0","2"
965000,52,1987,0,0,"0","1","0","2"
1135200,94,1923,0,0,"0","0","0","2"
1171600,32,2002,0,0,"0","1","0","2"
2330800,75,2002,0,0,"0","1","0","2"
852000,35,1987,0,0,"0","0","1","2"
1320600,65,1987,0,0,"0","1","0","2"
1740400,59,1964,0,0,"0","0","0","2"
1489200,48,1987,0,0,"0","0","0","2"
978600,30,2002,0,0,"0","0","0","2"
1178800,66,1987,0,0,"0","0","0","2"
1466200,87,1987,0,0,"0","0","0","2"
1060000,45,1987,0,0,"0","0","0","2"
1184000,46,1990,0,0,"0","0","0","2"
2464000,62,1949,0,0,"0","0","0","2"
1704600,61,1964,0,0,"0","0","0","2"
1764000,62,1964,0,0,"0","0","0","2"
1552800,52,1964,0,0,"0","0","0","2"
1414200,45,1987,0,0,"0","0","0","2"
2332800,64,1987,0,0,"0","0","0","2"
1410200,31,1995,0,0,"0","0","0","2"
1331800,52,1995,0,0,"0","0","0","2"
962800,64,1964,0,0,"0","0","0","2"
773600,68,1964,0,0,"0","0","0","2"
1310000,69,1964,0,0,"0","0","0","2"
549000,66,1987,0,0,"0","1","0","2"
1482200,62,1987,0,0,"0","0","0","2"
1104000,49,1987,0,0,"0","0","0","2"
1807600,56,2002,0,0,"0","0","0","2"
2700000,79,1964,1,0,"0","0","0","3"
2871800,85,1987,1,0,"0","0","0","3"
1268400,32,1923,1,0,"0","0","1","3"
1865200,89,1987,1,0,"0","0","0","3"
3333800,98,1923,1,0,"0","0","1","3"
1186600,40,1987,1,0,"0","0","0","3"
1264200,79,1964,1,0,"0","1","0","3"
2604000,90,1964,1,0,"0","0","0","3"
2303000,118,1964,1,0,"0","1","0","3"
1656400,72,1964,1,0,"0","0","0","3"
1932800,82,1987,1,0,"0","0","0","3"
2513600,75,1987,1,0,"0","0","0","3"
1559400,79,1987,1,0,"0","0","0","3"
1587000,60,1987,1,0,"0","0","0","3"
2191600,87,1964,1,0,"0","1","0","3"
1673600,67,1964,1,0,"0","1","0","3"
428200,42,1964,1,0,"1","1","0","3"
1335400,79,1964,1,0,"0","0","0","3"
2778000,79,1964,1,0,"0","0","0","3"
2612800,79,1964,1,0,"0","0","0","3"
1907400,78,1987,1,0,"0","0","0","3"
2540000,112,1987,1,0,"0","0","0","3"
1662200,33,2002,1,0,"0","0","0","3"
251000,45,1987,0,1,"0","1","0","1"
408800,44,1987,0,1,"0","1","0","1"
1794400,65,1964,0,0,"0","1","0","2"
2162000,78,2002,1,0,"0","0","0","3"
2555800,60,2011,1,0,"0","0","0","3"
1177600,37,2002,1,0,"0","0","1","3"
2216400,92,2011,1,0,"0","0","1","3"
1168000,55,1955,0,0,"0","0","0","2"
3540000,98,2011,1,0,"0","0","1","3"
1272800,71,2011,1,0,"0","0","1","3"
1502600,40,1987,1,0,"0","0","0","3"
892000,67,1959,1,0,"0","0","0","3"
2693800,53,1964,0,0,"0","0","0","2"
1091400,50,1928,0,0,"0","0","0","2"
2780000,90,1988,0,0,"0","1","0","2"
1161400,35,1987,0,0,"0","1","0","2"
2700000,111,1964,0,0,"0","0","0","2"
2082000,86,1964,0,0,"0","0","0","2"
1880000,86,1964,0,0,"0","0","0","2"
1722000,98,1964,0,0,"0","0","0","2"
1908000,105,1964,0,0,"0","0","0","2"
2450000,111,1964,0,0,"0","0","0","2"
2152600,110,1964,0,0,"0","0","0","2"
2939400,95,1923,0,0,"0","0","0","2"
912000,86,1923,0,0,"0","0","0","2"
1533200,86,2002,0,0,"0","0","0","2"
2933200,78,2001,0,0,"0","0","0","2"
1250000,32,1942,0,0,"0","1","1","2"
2260000,45,1964,0,0,"1","0","0","2"
1452000,38,1942,0,0,"0","1","0","2"
2161400,72,1998,0,0,"0","0","0","2"
2160000,80,1923,0,0,"0","0","0","2"
513200,53,1923,0,0,"1","1","0","2"
1135200,78,1923,0,0,"0","1","0","2"
672000,50,1923,0,0,"1","1","0","2"
533400,46,1923,0,0,"0","1","0","2"
1532600,53,1987,0,0,"0","0","0","2"
1404000,48,1987,0,0,"0","0","0","2"
1042200,76,1949,0,0,"0","0","0","2"
1402600,76,1949,0,0,"0","0","0","2"
1142600,40,1964,1,0,"0","0","0","3"
2440000,99,1964,1,0,"0","0","0","3"
2432400,109,2002,1,0,"0","0","1","3"
2514400,81,2002,1,0,"0","0","0","3"
2210000,101,2002,1,0,"0","0","0","3"
1558800,86,1964,1,0,"0","0","0","3"
2615200,76,1964,1,0,"0","0","0","3"
2522000,85,1987,1,0,"0","0","0","3"
3760000,80,1964,1,0,"0","0","0","3"
3425200,60,2014,0,0,"0","0","0","2"
1657000,61,1964,0,0,"0","1","0","2"
1156000,34,2002,0,0,"0","0","0","2"
1933200,55,2001,0,0,"0","0","0","2"
2145000,56,1999,0,0,"0","0","0","2"
720000,65,1923,0,0,"1","1","0","2"
1139400,78,1923,0,0,"1","1","0","2"
1436600,68,1987,0,0,"0","0","0","2"
914000,63,1987,0,0,"0","0","0","2"
1993200,48,2002,0,0,"0","0","0","2"
1400000,72,1923,0,0,"0","0","0","2"
2014000,72,1991,0,0,"0","0","0","2"
1490200,59,2011,0,0,"0","0","0","2"
1980200,74,1923,0,0,"0","1","0","2"
1462400,40,2002,0,0,"0","0","0","2"
2158200,70,1998,0,0,"0","0","0","2"
1232600,40,1998,0,0,"0","0","0","2"
3789800,80,1987,0,0,"0","0","0","2"
1517200,110,1923,0,0,"0","1","0","2"
1562000,46,2003,0,0,"0","0","0","2"
2e+06,46,2003,0,0,"0","0","0","2"
1600000,39,2003,0,0,"0","0","0","2"
1052400,58,1949,0,0,"0","0","0","2"
1326600,66,1930,0,0,"0","0","0","2"
3250000,90,2014,0,0,"0","0","1","2"
3083600,85,1949,0,0,"0","0","0","2"
1154000,63,1923,0,0,"0","1","0","2"
2400000,110,1923,0,0,"0","0","0","2"
1339800,62,1964,0,0,"0","1","0","2"
1731600,77,1964,0,0,"0","0","0","2"
2001400,89,1964,0,0,"0","1","0","2"
2735200,73,1964,0,0,"0","1","0","2"
1229400,47,1964,0,0,"0","1","0","2"
3692800,94,1923,0,0,"0","1","0","2"
2664000,72,2011,0,0,"0","0","0","2"
1840000,62,2011,0,0,"0","0","0","2"
1820000,64,2011,0,0,"0","0","0","2"
2044000,84,2011,0,0,"0","0","0","2"
1029800,38,1940,0,0,"0","1","0","2"
891600,42,1964,0,0,"0","1","0","2"
1392400,61,1964,1,0,"0","0","0","3"
984600,59,1923,1,0,"0","0","0","3"
690400,61,1923,1,0,"0","0","0","3"
745800,54,1923,0,0,"1","1","0","2"
1638400,60,1949,0,0,"0","0","0","2"
699200,65,1923,0,0,"0","1","0","2"
2279200,49,2014,0,0,"0","0","0","2"
2609200,68,2002,1,0,"0","0","0","3"
1856200,70,1989,0,1,"0","0","0","1"
1367000,75,1923,0,0,"0","0","0","2"
2746800,75,1923,0,0,"0","0","0","2"
2547600,75,1923,0,0,"0","0","0","2"
1278000,65,1923,0,0,"0","0","0","2"
936000,46,1923,0,0,"0","0","0","2"
1409800,94,1923,0,0,"0","0","0","2"
1540000,74,1923,0,0,"0","0","0","2"
1622000,105,1923,0,0,"0","0","0","2"
2690000,107,1923,0,0,"0","0","0","2"
2648000,70,1991,0,0,"0","0","0","2"
1458000,70,1991,0,0,"0","0","0","2"
1765000,90,1923,0,0,"0","0","0","2"
2650000,110,1923,0,0,"0","0","0","2"
2040000,42,2003,0,0,"0","0","0","2"
2e+06,42,2003,0,0,"0","0","0","2"
2240000,90,1964,0,0,"0","0","0","2"
2842400,90,1964,0,0,"0","0","0","2"
3488400,85,1964,0,0,"0","0","0","2"
2464800,88,1964,0,0,"0","0","0","2"
2120200,44,1984,0,0,"0","0","1","2"
1547400,100,1987,0,0,"0","0","0","2"
1622000,101,1987,0,0,"0","0","0","2"
1553000,46,1964,0,1,"0","1","0","1"
1027800,78,1988,0,0,"0","0","0","2"
2146800,53,1964,0,1,"0","0","1","1"
1332600,78,1923,0,1,"0","0","0","1"
1384600,96,1923,0,1,"0","0","0","1"
1127800,90,1923,0,1,"0","0","0","1"
697600,38,2011,0,0,"0","1","0","2"
951000,42,2011,0,0,"0","1","0","2"
1034400,40,2011,0,0,"0","1","0","2"
1004200,40,2011,0,0,"0","1","0","2"
1889400,57,2002,0,0,"0","0","0","2"
2324600,70,2002,0,0,"0","0","0","2"
1510600,75,1987,0,0,"0","0","0","2"
1481000,75,1987,0,0,"0","0","0","2"
3058600,94,2011,0,0,"0","0","1","2"
1460000,43,2002,0,0,"0","0","0","2"
1340000,37,2002,0,0,"0","0","0","2"
1080200,38,2002,0,0,"0","0","0","2"
1938200,70,1967,1,0,"0","0","0","3"
1033600,52,1967,1,0,"0","1","0","3"
1451600,70,1967,1,0,"0","0","0","3"
2243400,92,1925,1,0,"0","0","0","3"
1686400,76,1923,1,0,"0","0","0","3"
2342600,72,1925,1,0,"0","0","0","3"
912600,58,1971,0,1,"0","0","0","1"
1593200,40,2001,1,0,"0","0","0","3"
2000800,70,2002,1,0,"0","0","0","3"
2485000,69,2002,1,0,"0","0","0","3"
1875200,68,2002,1,0,"0","0","0","3"
1207000,42,2002,1,0,"0","0","0","3"
1601200,51,1987,1,0,"0","0","0","3"
1123400,40,1987,1,0,"0","0","0","3"
2556400,54,1987,1,0,"0","0","0","3"
1167400,57,2002,0,0,"0","0","0","2"
1090200,39,1987,0,0,"0","0","0","2"
1567200,80,2002,1,0,"0","0","1","3"
2100200,63,1985,0,0,"0","0","0","2"
2589200,120,1987,0,0,"0","0","1","2"
1539800,83,2002,0,0,"0","0","1","2"
1305600,48,1987,0,0,"0","0","0","2"
1334400,88,1964,0,0,"0","1","0","2"
2286600,75,2015,0,0,"0","0","0","2"
2043200,50,2013,0,0,"0","0","0","2"
1941200,55,1923,1,0,"0","0","0","3"
1342200,37,1930,1,0,"0","0","0","3"
2259800,60,1930,1,0,"0","0","1","3"
1796600,55,1923,1,0,"0","0","0","3"
1151200,92,1923,1,0,"0","1","0","3"
1258800,30,2002,0,1,"0","0","0","1"
357200,65,2002,0,1,"0","0","0","1"
2564600,91,2004,0,1,"0","0","0","1"
1621000,75,1987,1,0,"0","0","0","3"
1629400,75,1987,1,0,"0","0","0","3"
2468600,49,2018,1,0,"0","0","0","3"
753000,54,1994,0,0,"0","0","0","2"
789000,67,1987,0,0,"0","0","0","2"
893800,60,1932,1,0,"1","1","0","3"
493200,56,1932,1,0,"1","1","0","3"
1408600,86,2015,0,0,"0","0","0","2"
1883400,52,2002,0,0,"0","0","0","2"
1054800,86,2002,0,0,"0","0","0","2"
1901800,86,2002,0,0,"0","0","0","2"
1574800,79,1987,0,0,"0","0","0","2"
1553800,82,1987,0,0,"0","0","0","2"
1634400,80,1987,0,0,"0","0","0","2"
1800000,80,1987,0,0,"0","0","0","2"
1880000,78,1987,0,0,"0","0","0","2"
1507600,78,2002,0,0,"0","0","0","2"
1481000,63,1987,0,0,"0","0","0","2"
1795400,70,2002,0,0,"0","0","0","2"
1119000,72,2002,0,0,"0","0","1","2"
2417400,60,1965,0,0,"0","1","0","2"
1536600,41,1987,0,0,"0","0","0","2"
2066400,76,1987,0,0,"0","0","0","2"
1805600,94,2002,0,0,"0","0","0","2"
1268400,58,2002,0,0,"0","0","0","2"
1160000,58,2002,0,0,"0","0","0","2"
1134400,58,1987,0,0,"0","0","0","2"
1748400,72,2006,0,0,"0","0","0","2"
850600,33,2011,1,0,"0","0","0","3"
2934600,65,2011,1,0,"0","0","0","3"
1144200,45,1986,1,0,"0","0","0","3"
1319400,45,1986,1,0,"0","0","0","3"
1075400,35,2000,1,0,"0","0","1","3"
2497400,78,1987,0,0,"0","0","1","2"
1309800,40,1987,0,0,"0","0","0","2"
1335600,90,2002,0,0,"0","0","1","2"
909600,55,1987,0,0,"1","1","0","2"
2418200,70,1987,0,0,"0","0","0","2"
2462800,87,1923,1,0,"0","0","0","3"
2562400,76,2002,1,0,"0","0","0","3"
1054400,75,1998,0,0,"0","0","0","2"
1251200,52,2002,1,0,"0","0","1","3"
4260400,109,1987,1,0,"0","0","1","3"
3110200,73,1987,1,0,"0","0","1","3"
1416400,65,1923,0,1,"0","1","0","1"
4042400,95,1999,1,0,"0","0","0","3"
2086800,75,2002,1,0,"0","0","0","3"
905000,92,1987,1,0,"0","0","0","3"
1289800,52,2004,1,0,"0","0","0","3"
1325600,30,1994,1,0,"0","0","0","3"
1420000,50,1999,1,0,"0","0","0","3"
953200,60,1969,1,0,"0","0","0","3"
